Sofia,Trova l'errore,6,2025-03-26 15:26:05
Sofia,Trova l'errore,8,2025-03-26 15:42:43
Sofia,Completa il Codice,3,2025-03-26 15:52:41
Sofia,Completa il Codice,11,2025-03-26 15:57:58
Sofia,Trova l'errore,7,2025-03-27 14:31:31
Sofia,Completa il Codice,10,2025-03-27 14:32:30
Sofia,TrovaErrore,Facile,interrotto,,2025-03-27 15:12:11
Sofia,TrovaErrore,Facile,interrotto,,2025-03-27 15:12:22
Sofia,TrovaErrore,Facile,interrotto,,2025-03-27 15:12:31
Sofia,TrovaErrore,Intermedio,interrotto,,2025-03-27 15:13:21
sofia,TrovaErrore,Avanzato,interrotto,,2025-03-27 15:34:21
sofia,TrovaErrore,Facile,interrotto,,2025-03-28 14:52:15
sofia,TrovaErrore,Facile,interrotto,,2025-04-11 13:52:20
sofia,Completa il Codice,3,2025-04-11 16:37:08
sofia,TrovaErrore,Facile,interrotto,,2025-04-13 11:02:13
sofia,TrovaErrore,Facile,interrotto,,2025-04-13 11:02:32
sofia,TrovaErrore,Avanzato,interrotto,,2025-04-15 13:22:47
sofia,TrovaErrore,Facile,interrotto,,2025-04-15 15:17:36
